cell_tye,z,y,x
Green blobs,14.0,155.28947780975466,105.64035334136537
Green blobs,17.0,106.868423557898,37.921052829710725
Green blobs,17.0,23.710526038404964,22.83333302659596
